"Level","Field","Description / options","Example"
"Program","Program name","Name of the training program","Lower Body Strength"
"Program","Goal","Main training goal","Build lower-body strength"
"Program","Description","Overview of the program","Two lower-body workouts each week"
"Program","Duration in weeks","Number of weeks in the program","6"
"Program","Planned sessions per week","Intended weekly workout frequency","2"
"Program","Status","Draft; active; archived","Draft"
"Week","Week number","Position within the program","1"
"Week","Coaching notes","Instructions applying to this week","Use this week to establish starting loads"
"Week","Focus","Optional weekly emphasis","Deload"
"Workout","Workout name","Name of the workout","Glutes & Hamstrings"
"Workout","Order within week","Workout sequence; does not require a fixed weekday","1"
"Workout","Warm-up notes","Preparation instructions for this workout","Complete the prescribed warm-up sets"
"Workout","Estimated duration","Expected workout length in minutes","45"
"Exercise","Exercise name","Movement being performed","Leg Press"
"Exercise","Exercise variation","Optional variation of the movement","Single-leg"
"Exercise","Order in workout","Position of this exercise within the workout","2"
"Exercise","Target muscles","Primary and secondary muscles","Primary: quads; secondary: glutes"
"Exercise","Machine settings","Client-specific adjustment settings when applicable","Seat 4; backrest 2"
"Exercise","Attachment","Attachment used when applicable","Rope"
"Exercise","Setup instructions","Instructions for positioning and setup","Feet shoulder-width apart"
"Exercise","Side","Both sides; alternating; each side separately","Both sides"
"Exercise","Load convention","Total weight; per dumbbell; added plates; machine display; assistance","Machine display"
"Exercise","Weight unit","kg or lb; inherited by its sets","kg"
"Exercise","Coaching cues","Brief movement instructions","Keep heels down"
"Exercise","Exercise group","Optional superset or circuit grouping","Superset A1/A2"
"Exercise","Coach notes","Instructions specific to this client and workout","Record any setup changes"
"Prescribed set","Set number","Position of this set within the exercise","1"
"Prescribed set","Set type","Warm-up; working; top set; back-off; drop set","Working"
"Prescribed set","Target type","Repetitions; duration; distance; show only relevant target fields","Repetitions"
"Prescribed set","Exact reps or rep range","Choose an exact count or a minimum and maximum","8-10"
"Prescribed set","Target duration","Seconds; applicable to duration targets","30"
"Prescribed set","Target distance","Metres; applicable to distance targets","20"
"Prescribed set","Target load","Optional load; inherits exercise unit and load convention; blank means unspecified; zero means zero added load","60"
"Prescribed set","Load method","Fixed weight; percentage of reference load; client-selected","Fixed weight"
"Prescribed set","Reference load","For percentage-based loads: reference type, reference value and target percentage","Estimated 1RM: 100 kg; target: 70%"
"Prescribed set","Target effort","Optional RIR or RPE; identify which scale is used","RIR 2"
"Prescribed set","Rest after set","Rest duration in seconds","90"
"Prescribed set","Side override","Optional left or right when prescribed and logged separately; otherwise inherit exercise side","Left"
"Prescribed set","Linked set","Optional connection to a preceding set within the exercise","Drop set following set 3"
"Prescribed set","Set notes","Additional instructions for this set","Reduce the load if needed to meet the rep target"
